voyage_id,vessel_class,fuel_type,route_name,speed_kn,design_speed_kn,load_factor,weather_factor,distance_nm,vessel_age_yr,duration_h,fuel_consumed_t,fuel_type_lhv,co2_ttw_t,co2_wtw_t,voyage_ts
0,Feeder,HFO,Singapore–Rotterdam (via Suez),15.4629,17.0,0.6072,1.2576,9900.0,17.43,640.2421,493.9658,40.2,1538.2096,1711.7101,1674201282
1,Panamax,VLSFO,Shanghai–Los Angeles (Trans-Pacific),19.898,22.0,0.8502,1.0384,5600.0,11.26,281.4349,834.2581,40.5,2628.7472,2912.4784,1702529652
2,PostPanamax,MGO,Rotterdam–New York (North Atlantic),22.3262,23.0,0.7507,1.2468,3450.0,11.09,154.5267,924.1471,42.7,2962.8155,3512.0361,1646806396
3,ULCS,LNG,Singapore–Sydney (South Pacific),14.3871,23.0,0.8793,1.1895,3350.0,18.95,232.8472,715.572,48.0,1967.823,2600.1025,1675973971
4,Feeder,METHANOL,Shanghai–Singapore (Intra-Asia),16.8007,17.0,0.9252,1.2335,1650.0,4.87,98.2099,343.9384,19.9,472.9153,724.1348,1672391908
5,Panamax,HFO,Hamburg–Busan (via Suez),14.5577,22.0,0.7781,1.2234,11200.0,24.19,769.3498,1018.5631,40.2,3171.8055,3529.5656,1643757991
6,PostPanamax,VLSFO,Singapore–Rotterdam (via Suez),17.2082,23.0,0.6287,1.0568,9900.0,3.25,575.3061,1080.716,40.5,3405.3362,3772.8877,1661821343
7,ULCS,MGO,Shanghai–Los Angeles (Trans-Pacific),19.9623,23.0,0.606,1.2498,5600.0,17.51,280.529,1731.5052,42.7,5551.2058,6580.2394,1655306826
8,Feeder,LNG,Rotterdam–New York (North Atlantic),15.8594,17.0,0.8633,1.1162,3450.0,7.21,217.5371,197.069,48.0,541.9397,716.0699,1681157041
9,Panamax,METHANOL,Singapore–Sydney (South Pacific),14.9592,22.0,0.3052,1.2361,3350.0,16.62,223.9426,283.2744,19.9,389.5023,596.4115,1649809668
10,PostPanamax,HFO,Shanghai–Singapore (Intra-Asia),20.9827,23.0,0.6212,1.1706,1650.0,3.49,78.6362,332.8733,40.2,1036.5675,1153.4859,1668722507
11,ULCS,VLSFO,Hamburg–Busan (via Suez),18.1341,23.0,0.6957,1.2295,11200.0,15.87,617.6215,3476.9071,40.5,10955.7344,12138.2305,1683152711
12,Feeder,MGO,Singapore–Rotterdam (via Suez),14.0026,17.0,0.5128,1.0092,9900.0,10.92,707.0111,246.0025,42.7,788.6839,934.8831,1658437656
13,Panamax,LNG,Shanghai–Los Angeles (Trans-Pacific),20.7099,22.0,0.4638,1.0175,5600.0,7.03,270.4015,409.8162,48.0,1126.9945,1489.108,1666761918
14,PostPanamax,METHANOL,Rotterdam–New York (North Atlantic),19.8896,23.0,0.6899,1.2352,3450.0,16.61,173.4572,1772.9746,19.9,2437.8401,3732.8561,1667356693
15,ULCS,HFO,Singapore–Sydney (South Pacific),15.3362,23.0,0.3159,1.027,3350.0,18.06,218.4381,282.3433,40.2,879.217,978.3873,1692337093
16,Feeder,VLSFO,Shanghai–Singapore (Intra-Asia),11.2966,17.0,0.6507,1.0457,1650.0,17.41,146.061,40.1333,40.5,126.46,140.1093,1651478655
17,Panamax,MGO,Hamburg–Busan (via Suez),15.8533,22.0,0.7412,1.1085,11200.0,2.19,706.4772,820.5276,42.7,2630.6115,3118.2511,1665026970
18,PostPanamax,LNG,Singapore–Rotterdam (via Suez),22.6495,23.0,0.936,1.2099,9900.0,6.65,437.0965,3253.2216,48.0,8946.3595,11820.9061,1657616240
19,ULCS,METHANOL,Shanghai–Los Angeles (Trans-Pacific),20.3954,23.0,0.6146,1.0817,5600.0,2.41,274.5719,3489.1324,19.9,4797.557,7346.0891,1690112577
