instance,algorithm,n_runs,reference_obj,reference_type,mean_objective,std_objective,best_objective,worst_objective,gap_to_ref_pct,mean_fuel_cost_usd,mean_co2_wtw_t,mean_runtime_s,feasibility_rate_pct,surrogate_build_time_s
Small,MILP_HiGHS,1,5851877.142077405,Exact Brute-Force Ground Truth (J*),7582900.775821392,0.0,7582900.775821392,7582900.775821392,29.580655774490122,4404193.281605936,31787.07494215457,0.08643819997087121,100.0,0.027523400029167533
Small,Greedy,1,5851877.142077405,Exact Brute-Force Ground Truth (J*),7582900.775821392,0.0,7582900.775821392,7582900.775821392,29.580655774490122,4404193.281605936,31787.07494215457,0.008296200074255466,100.0,0.027523400029167533
Small,GA,10,5851877.142077405,Exact Brute-Force Ground Truth (J*),7583165.704956527,837.7794855666203,7582900.775821392,7585550.067172747,29.58518302495527,4404301.274157496,31788.644307990326,0.3865412799990736,100.0,0.027523400029167533
Small,SQA,10,5851877.142077405,Exact Brute-Force Ground Truth (J*),7587869.793576071,2432.39358064321,7582900.775821392,7590351.131985512,29.66556900205858,4407293.394262038,31805.763993140317,0.4433370900223963,100.0,0.027523400029167533
Small,QI-EA,10,5851877.142077405,Exact Brute-Force Ground Truth (J*),7899945.261403086,118881.02857438434,7719257.91721942,8133864.620809032,34.99848116426143,4727559.641016449,31723.85620386636,0.3944036800065078,100.0,0.027523400029167533
Medium,MILP_HiGHS,1,15781433.906121751,Optimal MILP (J*),15781433.906121751,0.0,15781433.906121751,15781433.906121751,0.0,9981952.448424192,57994.814576975594,0.14917889994103462,100.0,0.034313400043174624
Medium,Greedy,1,15781433.906121751,Optimal MILP (J*),19498361.337211113,0.0,19498361.337211113,19498361.337211113,23.552533015694692,8389335.346646722,60528.10761455447,0.009522999986074865,0.0,0.034313400043174624
Medium,GA,10,15781433.906121751,Optimal MILP (J*),16064327.171699042,99685.12891274551,15941301.355151124,16221968.24138212,1.7925701001577148,10267921.718064189,57815.4513092226,1.79819303000113,90.0,0.034313400043174624
Medium,SQA,10,15781433.906121751,Optimal MILP (J*),17807219.272622712,834330.740038877,16173360.51077849,18894221.977411807,12.836510158402916,10186878.554950949,58841.75403529253,1.7787696599843912,10.0,0.034313400043174624
Medium,QI-EA,10,15781433.906121751,Optimal MILP (J*),22505632.33719013,43403.58358777998,22431153.45580561,22548933.67978436,42.60828560362949,10207512.901588824,61094.34258838159,1.7664289300213567,0.0,0.034313400043174624
Large,MILP_HiGHS,1,35705170.73971126,Optimal MILP (J*),35705170.73971126,0.0,35705170.73971126,35705170.73971126,0.0,23505581.39855883,121995.89341152432,2.8079613000154495,100.0,0.06602739996742457
Large,Greedy,1,35705170.73971126,Optimal MILP (J*),49893712.164884925,0.0,49893712.164884925,49893712.164884925,39.738057909335744,18198316.73144938,131283.5216349693,0.012947299983352423,0.0,0.06602739996742457
Large,GA,10,35705170.73971126,Optimal MILP (J*),36421544.3249706,821491.9665861337,35871738.4768265,38500569.28046012,2.0063581000120823,23185873.965694875,122203.95931215514,9.286556030006613,10.0,0.06602739996742457
Large,SQA,10,35705170.73971126,Optimal MILP (J*),44412975.54129769,1340753.7104084461,41898748.92034398,46442428.82699097,24.388077752283685,21663115.829806663,126809.45700547192,8.424678759987,0.0,0.06602739996742457
Large,QI-EA,10,35705170.73971126,Optimal MILP (J*),52840562.8230402,51717.07582072442,52775349.56379439,52929858.441224076,47.991346150519796,21981487.704381377,130885.27386602802,9.39883140999591,0.0,0.06602739996742457
