instance,algorithm,reference_type,reference_obj,n_runs,n_feasible,feasibility_rate_pct,mean_objective,std_objective,best_objective,worst_objective,gap_to_ref_pct,mean_runtime_s,actual_eval_count,is_failed,display_status
Small_v2,MILP (Exact),Exact Lower Bound,9031635.15389407,1,1,100.0,9031635.15389407,0.0,9031635.15389407,9031635.15389407,0.0,0.054287299994030036,1,False,OK
Small_v2,Greedy (pure),MILP (Exact),9031635.15389407,1,0,0.0,,,,,,0.0008108000038191676,751,True,Failed: no feasible plan
Small_v2,Greedy (+decarb pass),MILP (Exact),9031635.15389407,1,1,100.0,12325773.093132026,0.0,12325773.093132026,12325773.093132026,36.473328285605724,0.0007514000026276335,753,False,OK
Small_v2,GeneticAlgorithm (GA),MILP (Exact),9031635.15389407,5,4,80.0,10401797.665515354,1360668.1989866137,9164549.947944595,12440026.825553384,15.17070262775756,0.1860006799979601,1221,False,OK
Small_v2,SimulatedQuantumAnnealing (SQA),MILP (Exact),9031635.15389407,5,3,60.0,10313608.86862147,821210.8464967139,9152502.513237469,10915490.553549934,14.19425932163198,0.16239996000076645,1211,False,OK
Small_v2,QI-EA,MILP (Exact),9031635.15389407,5,0,0.0,,,,,,0.13807870000018738,1201,True,Failed: no feasible plan
Small_v2,GeneticAlgorithm (with simple cap-repair),MILP (Exact),9031635.15389407,5,5,100.0,11164560.46551985,1951502.681133073,9164549.947944595,14215611.665537832,23.616158926727117,0.16560691999911797,1222,False,OK
Small_v2,SimulatedQuantumAnnealing (with simple cap-repair),MILP (Exact),9031635.15389407,5,5,100.0,11923862.378978755,2073391.3908842057,9152502.513237469,14450428.926531479,32.023295624798074,0.13690864000236616,1212,False,OK
Small_v2,QI-EA (with simple cap-repair),MILP (Exact),9031635.15389407,5,5,100.0,26783809.34503731,0.0,26783809.34503731,26783809.34503731,196.555484014312,0.13374324000324123,1205,False,OK
Medium_v2,MILP (Exact),Exact Lower Bound,17804369.251247387,1,1,100.0,17804369.251247387,0.0,17804369.251247387,17804369.251247387,0.0,0.3207669999974314,1,False,OK
Medium_v2,Greedy (pure),MILP (Exact),17804369.251247387,1,0,0.0,,,,,,0.003404300005058758,3676,True,Failed: no feasible plan
Medium_v2,Greedy (+decarb pass),MILP (Exact),17804369.251247387,1,1,100.0,19266519.60166213,0.0,19266519.60166213,19266519.60166213,8.212311988038005,0.004196800000499934,3678,False,OK
Medium_v2,GeneticAlgorithm (GA),MILP (Exact),17804369.251247387,5,3,60.0,24444890.700081598,1231809.0600715366,22882375.041308302,25893185.97427751,37.297145184567384,0.8593911800009664,3031,False,OK
Medium_v2,SimulatedQuantumAnnealing (SQA),MILP (Exact),17804369.251247387,5,4,80.0,23339203.836294025,1020178.392916183,21873423.840747196,24488272.26126259,31.086945608358818,0.614480600002571,3011,False,OK
Medium_v2,QI-EA,MILP (Exact),17804369.251247387,5,0,0.0,,,,,,0.6840839799988316,3001,True,Failed: no feasible plan
Medium_v2,GeneticAlgorithm (with simple cap-repair),MILP (Exact),17804369.251247387,5,5,100.0,26933263.860435825,3194496.0992881483,22882375.041308302,30792232.80084662,51.27333903473643,0.8247064600000158,3032,False,OK
Medium_v2,SimulatedQuantumAnnealing (with simple cap-repair),MILP (Exact),17804369.251247387,5,5,100.0,23922382.63253192,1480878.5217648211,21873423.840747196,26255097.817483503,34.36242696918847,0.5873083400016185,3012,False,OK
Medium_v2,QI-EA (with simple cap-repair),MILP (Exact),17804369.251247387,5,5,100.0,35314536.04009128,0.0,35314536.04009128,35314536.04009128,98.3475827857093,0.7025243600015528,3009,False,OK
Large_v2,MILP (Exact),Exact Lower Bound,39965528.52257179,1,1,100.0,39965528.52257179,0.0,39965528.52257179,39965528.52257179,0.0,1.7035119000065606,1,False,OK
Large_v2,Greedy (pure),MILP (Exact),39965528.52257179,1,0,0.0,,,,,,0.007125400006771088,9376,True,Failed: no feasible plan
Large_v2,Greedy (+decarb pass),MILP (Exact),39965528.52257179,1,1,100.0,40618528.18495565,0.0,40618528.18495565,40618528.18495565,1.6339072358696816,0.009176699997624382,9380,False,OK
Large_v2,GeneticAlgorithm (GA),MILP (Exact),39965528.52257179,5,0,0.0,,,,,,3.294863939998322,6031,True,Failed: no feasible plan
Large_v2,SimulatedQuantumAnnealing (SQA),MILP (Exact),39965528.52257179,5,2,40.0,55592606.88026595,966608.0010796599,54625998.87918629,56559214.88134561,39.101392963859546,2.1116582000016932,6011,False,OK
Large_v2,QI-EA,MILP (Exact),39965528.52257179,5,0,0.0,,,,,,3.494827420002548,6001,True,Failed: no feasible plan
Large_v2,GeneticAlgorithm (with simple cap-repair),MILP (Exact),39965528.52257179,5,0,0.0,,,,,,3.306233620000421,6032,True,Failed: no feasible plan
Large_v2,SimulatedQuantumAnnealing (with simple cap-repair),MILP (Exact),39965528.52257179,5,3,60.0,55965479.657719396,949186.7930843912,54625998.87918629,56711225.21262627,40.03437894262085,2.156899100000737,6012,False,OK
Large_v2,QI-EA (with simple cap-repair),MILP (Exact),39965528.52257179,5,5,100.0,110418852.75877483,0.0,110418852.75877483,110418852.75877483,176.28523089945455,3.547370940001565,6022,False,OK
Mega_30V_100R,MILP (Exact),Exact Lower Bound,144373324.27667868,1,1,100.0,144373324.27667868,0.0,144373324.27667868,144373324.27667868,0.0,21.996280299994396,1,False,OK
Mega_30V_100R,Greedy (pure),MILP (Exact),144373324.27667868,1,0,0.0,,,,,,0.04161240000394173,57151,True,Failed: no feasible plan
Mega_30V_100R,Greedy (+decarb pass),MILP (Exact),144373324.27667868,1,1,100.0,148595158.14291432,0.0,148595158.14291432,148595158.14291432,2.924247874312898,0.04406580000068061,57173,False,OK
Mega_30V_100R,GeneticAlgorithm (GA),MILP (Exact),144373324.27667868,5,0,0.0,,,,,,11.470734240001184,6031,True,Failed: no feasible plan
Mega_30V_100R,SimulatedQuantumAnnealing (SQA),MILP (Exact),144373324.27667868,5,0,0.0,,,,,,7.417011479998473,6011,True,Failed: no feasible plan
Mega_30V_100R,QI-EA,MILP (Exact),144373324.27667868,5,0,0.0,,,,,,14.406444040001952,6001,True,Failed: no feasible plan
Mega_30V_100R,GeneticAlgorithm (with simple cap-repair),MILP (Exact),144373324.27667868,5,0,0.0,,,,,,10.972671860005358,6093,True,Failed: no feasible plan
Mega_30V_100R,SimulatedQuantumAnnealing (with simple cap-repair),MILP (Exact),144373324.27667868,5,0,0.0,,,,,,6.276263039998594,6031,True,Failed: no feasible plan
Mega_30V_100R,QI-EA (with simple cap-repair),MILP (Exact),144373324.27667868,5,5,100.0,446169631.3478263,0.0,446169631.3478263,446169631.3478263,209.03882942584445,13.551896660000784,6102,False,OK
