instance,reduction_pct,emissions_cap_t,algorithm,is_feasible,objective,co2_t,cost_usd,runtime_s,display_status
Large_v2,0.0,96612.7,MILP,True,30668529.269696668,96610.6355180301,21007465.717893656,1.2903231999953277,OK
Large_v2,0.0,96612.7,Greedy (pure),False,,96776.01810928123,21045618.58609918,0.007904500002041459,Failed: no feasible plan
Large_v2,0.0,96612.7,Greedy (+decarb),True,35632861.4102692,91887.94470959056,26444066.93931015,0.006251899991184473,OK
Large_v2,0.0,96612.7,GA,False,,93662.53839122086,61300304.26103347,0.3111009999993257,Failed: no feasible plan
Large_v2,0.0,96612.7,SQA,False,,107317.87797052157,54728596.85901783,0.1034053000039421,Failed: no feasible plan
Large_v2,0.0,96612.7,QI-EA,False,,148339.37974860548,32181722.876385346,0.2929411999939475,Failed: no feasible plan
Large_v2,0.0,96612.7,GA (+simple cap-repair),False,,93662.53839122086,61300304.26103347,0.3132132000027923,Failed: no feasible plan
Large_v2,0.0,96612.7,SQA (+simple cap-repair),False,,94500.33022438727,64939467.435911335,0.11384130000078585,Failed: no feasible plan
Large_v2,0.0,96612.7,QI-EA (+simple cap-repair),True,102986939.59904146,93043.0932350268,93682630.27553879,0.3442618999979459,OK
Large_v2,10.0,86951.5,MILP,True,39965528.52257179,86943.2626443708,31271202.258134708,1.6698070999991614,OK
Large_v2,10.0,86951.5,Greedy (pure),False,,96776.01810928123,21045618.58609918,0.0062790999945718795,Failed: no feasible plan
Large_v2,10.0,86951.5,Greedy (+decarb),True,40618528.18495565,86682.28499823855,31950299.685131796,0.0057047000009333715,OK
Large_v2,10.0,86951.5,GA,False,,84467.13170033494,71988606.34156069,0.31349699999555014,Failed: no feasible plan
Large_v2,10.0,86951.5,SQA,False,,107317.87797052157,54728596.85901783,0.10406580001290422,Failed: no feasible plan
Large_v2,10.0,86951.5,QI-EA,False,,148339.37974860548,32181722.876385346,0.3265611999959219,Failed: no feasible plan
Large_v2,10.0,86951.5,GA (+simple cap-repair),False,,84467.13170033494,71988606.34156069,0.3201565000053961,Failed: no feasible plan
Large_v2,10.0,86951.5,SQA (+simple cap-repair),False,,82084.1050820773,76845456.9323214,0.11533909999707248,Failed: no feasible plan
Large_v2,10.0,86951.5,QI-EA (+simple cap-repair),True,110418852.75877483,85955.29440148988,101823323.31862584,0.34822639999038074,OK
Large_v2,20.0,77290.2,MILP,True,49395776.74733266,77263.47531918027,41669429.215414636,1.593893700002809,OK
Large_v2,20.0,77290.2,Greedy (pure),False,,96776.01810928123,21045618.58609918,0.006780800002161413,Failed: no feasible plan
Large_v2,20.0,77290.2,Greedy (+decarb),True,51498224.87173289,76140.93185784544,43884131.68594835,0.007475700011127628,OK
Large_v2,20.0,77290.2,GA,False,,84467.13170033494,71988606.34156069,0.3132220999978017,Failed: no feasible plan
Large_v2,20.0,77290.2,SQA,False,,107317.87797052157,54728596.85901783,0.09740610000153538,Failed: no feasible plan
Large_v2,20.0,77290.2,QI-EA,False,,148339.37974860548,32181722.876385346,0.32634040000266396,Failed: no feasible plan
Large_v2,20.0,77290.2,GA (+simple cap-repair),False,,77106.6023644287,79316518.82030083,0.3078780999931041,Failed: no feasible plan
Large_v2,20.0,77290.2,SQA (+simple cap-repair),False,,76395.22571642927,81057091.52255291,0.11374159999832045,Failed: no feasible plan
Large_v2,20.0,77290.2,QI-EA (+simple cap-repair),False,,78337.0795719396,111072993.60267656,0.32964919999358244,Failed: no feasible plan
Large_v2,30.0,67628.9,MILP,True,59105633.59230639,67603.13841207707,52345319.751098685,7.043144100010977,OK
Large_v2,30.0,67628.9,Greedy (pure),False,,96776.01810928123,21045618.58609918,0.00924749999830965,Failed: no feasible plan
Large_v2,30.0,67628.9,Greedy (+decarb),True,61848831.509457156,65877.60748701748,55261070.76075541,0.006763400000636466,OK
Large_v2,30.0,67628.9,GA,False,,84467.13170033494,71988606.34156069,0.37782870000228286,Failed: no feasible plan
Large_v2,30.0,67628.9,SQA,False,,107317.87797052157,54728596.85901783,0.12946180001017638,Failed: no feasible plan
Large_v2,30.0,67628.9,QI-EA,False,,148339.37974860548,32181722.876385346,0.34553130000131205,Failed: no feasible plan
Large_v2,30.0,67628.9,GA (+simple cap-repair),False,,67091.11927836966,89630983.18858719,0.3021994000009727,Failed: no feasible plan
Large_v2,30.0,67628.9,SQA (+simple cap-repair),False,,66133.20440096695,89478704.4358634,0.08382039998832624,Failed: no feasible plan
Large_v2,30.0,67628.9,QI-EA (+simple cap-repair),False,,78337.0795719396,111072993.60267656,0.28325829999812413,Failed: no feasible plan
Large_v2,40.0,57967.6,MILP,True,68995945.52695838,57966.50652578044,63199294.874380335,2.6297909999993863,OK
Large_v2,40.0,57967.6,Greedy (pure),False,,96776.01810928123,21045618.58609918,0.00816669999039732,Failed: no feasible plan
Large_v2,40.0,57967.6,Greedy (+decarb),True,69859175.8990589,57532.080843911055,64105967.81466778,0.006361399995512329,OK
Large_v2,40.0,57967.6,GA,False,,84467.13170033494,71988606.34156069,0.3251472000119975,Failed: no feasible plan
Large_v2,40.0,57967.6,SQA,False,,107317.87797052157,54728596.85901783,0.11475739999150392,Failed: no feasible plan
Large_v2,40.0,57967.6,QI-EA,False,,148339.37974860548,32181722.876385346,0.3388239999912912,Failed: no feasible plan
Large_v2,40.0,57967.6,GA (+simple cap-repair),False,,64908.19505623051,91595746.32495613,0.34583720000227913,Failed: no feasible plan
Large_v2,40.0,57967.6,SQA (+simple cap-repair),False,,64466.2182663103,90925151.78675482,0.09860329999355599,Failed: no feasible plan
Large_v2,40.0,57967.6,QI-EA (+simple cap-repair),False,,78337.0795719396,111072993.60267656,0.2832565000135219,Failed: no feasible plan
Mega_30V_100R,0.0,333693.1,MILP,True,105969564.40425569,333693.08494635404,72600255.90962029,16.740197600011015,OK
Mega_30V_100R,0.0,333693.1,Greedy (pure),False,,334370.9756605055,72757327.7616098,0.0376648999954341,Failed: no feasible plan
Mega_30V_100R,0.0,333693.1,Greedy (+decarb),True,111104066.34090224,329482.9022608148,78155776.11482076,0.0337708000006387,OK
Mega_30V_100R,0.0,333693.1,GA,False,,400459.67329355737,216328187.56976387,1.208990699989954,Failed: no feasible plan
Mega_30V_100R,0.0,333693.1,SQA,False,,451127.13856154756,177254439.12902164,0.35732979999738745,Failed: no feasible plan
Mega_30V_100R,0.0,333693.1,QI-EA,False,,563018.2861225442,122164137.1044153,1.383697099998244,Failed: no feasible plan
Mega_30V_100R,0.0,333693.1,GA (+simple cap-repair),False,,327219.8048710136,278114555.6847222,1.0452501000108896,Failed: no feasible plan
Mega_30V_100R,0.0,333693.1,SQA (+simple cap-repair),False,,329862.0499604956,277222238.94122046,0.361464799992973,Failed: no feasible plan
Mega_30V_100R,0.0,333693.1,QI-EA (+simple cap-repair),True,406028616.58286834,332821.9200391121,372746424.57895714,1.27801909999107,OK
Mega_30V_100R,10.0,300323.8,MILP,True,137945865.85945106,300316.40243725386,107914225.61572567,28.599587399992743,OK
Mega_30V_100R,10.0,300323.8,Greedy (pure),False,,334370.9756605055,72757327.7616098,0.053706100006820634,Failed: no feasible plan
Mega_30V_100R,10.0,300323.8,Greedy (+decarb),True,141295685.4655028,299315.0456388137,111364180.90162142,0.04511460001231171,OK
Mega_30V_100R,10.0,300323.8,GA,False,,400459.67329355737,216328187.56976387,1.0860008000017842,Failed: no feasible plan
Mega_30V_100R,10.0,300323.8,SQA,False,,451127.13856154756,177254439.12902164,0.3508705000131158,Failed: no feasible plan
Mega_30V_100R,10.0,300323.8,QI-EA,False,,563018.2861225442,122164137.1044153,1.4731438999879174,Failed: no feasible plan
Mega_30V_100R,10.0,300323.8,GA (+simple cap-repair),False,,300061.7310658973,300719125.8552151,1.105369700002484,Failed: no feasible plan
Mega_30V_100R,10.0,300323.8,SQA (+simple cap-repair),False,,299662.0208339495,302032602.87141055,0.35769340000115335,Failed: no feasible plan
Mega_30V_100R,10.0,300323.8,QI-EA (+simple cap-repair),True,441418025.58132637,298074.18349479843,411610607.2318465,1.4621721000003163,OK
Mega_30V_100R,20.0,266954.5,MILP,True,170476605.74138254,266952.3929306599,143781366.44831654,43.09637339999608,OK
Mega_30V_100R,20.0,266954.5,Greedy (pure),False,,334370.9756605055,72757327.7616098,0.04883220000192523,Failed: no feasible plan
Mega_30V_100R,20.0,266954.5,Greedy (+decarb),True,178172463.12017637,262577.2057586967,151914742.5443067,0.04027700000733603,OK
Mega_30V_100R,20.0,266954.5,GA,False,,400459.67329355737,216328187.56976387,1.0106892999901902,Failed: no feasible plan
Mega_30V_100R,20.0,266954.5,SQA,False,,451127.13856154756,177254439.12902164,0.4975990999955684,Failed: no feasible plan
Mega_30V_100R,20.0,266954.5,QI-EA,False,,563018.2861225442,122164137.1044153,1.5428542000008747,Failed: no feasible plan
Mega_30V_100R,20.0,266954.5,GA (+simple cap-repair),False,,264340.6956036862,329605212.24262273,1.0085896000091452,Failed: no feasible plan
Mega_30V_100R,20.0,266954.5,SQA (+simple cap-repair),False,,266549.1493577211,328194425.0594499,0.3276141000096686,Failed: no feasible plan
Mega_30V_100R,20.0,266954.5,QI-EA (+simple cap-repair),False,,293316.9296233487,416837938.38549143,1.2973877000040375,Failed: no feasible plan
Mega_30V_100R,30.0,233585.2,MILP,True,203965682.09471026,233583.66844309692,180607315.25040057,18.39807419999852,OK
Mega_30V_100R,30.0,233585.2,Greedy (pure),False,,334370.9756605055,72757327.7616098,0.03981030000431929,Failed: no feasible plan
Mega_30V_100R,30.0,233585.2,Greedy (+decarb),True,207840611.90875423,232629.1002301615,184577701.88573807,0.03961019999405835,OK
Mega_30V_100R,30.0,233585.2,GA,False,,400459.67329355737,216328187.56976387,1.2212468999932753,Failed: no feasible plan
Mega_30V_100R,30.0,233585.2,SQA,False,,451127.13856154756,177254439.12902164,0.36768550000851974,Failed: no feasible plan
Mega_30V_100R,30.0,233585.2,QI-EA,False,,563018.2861225442,122164137.1044153,1.4888661000004504,Failed: no feasible plan
Mega_30V_100R,30.0,233585.2,GA (+simple cap-repair),False,,244700.68132685582,346342281.1732214,1.2354066999978386,Failed: no feasible plan
Mega_30V_100R,30.0,233585.2,SQA (+simple cap-repair),False,,245410.49028781947,347049550.0590359,0.3586745999928098,Failed: no feasible plan
Mega_30V_100R,30.0,233585.2,QI-EA (+simple cap-repair),False,,293316.9296233487,416837938.38549143,1.4322699000040302,Failed: no feasible plan
Mega_30V_100R,40.0,200215.9,MILP,True,237993181.75972387,200211.4134823351,217972040.41149035,18.251470399991376,OK
Mega_30V_100R,40.0,200215.9,Greedy (pure),False,,334370.9756605055,72757327.7616098,0.05057130000204779,Failed: no feasible plan
Mega_30V_100R,40.0,200215.9,Greedy (+decarb),True,240478700.39485484,199927.02756596525,220485997.6382583,0.07902319999993779,OK
Mega_30V_100R,40.0,200215.9,GA,False,,400459.67329355737,216328187.56976387,1.3143135999998776,Failed: no feasible plan
Mega_30V_100R,40.0,200215.9,SQA,False,,451127.13856154756,177254439.12902164,0.4224858000088716,Failed: no feasible plan
Mega_30V_100R,40.0,200215.9,QI-EA,False,,563018.2861225442,122164137.1044153,1.5644548999989638,Failed: no feasible plan
Mega_30V_100R,40.0,200215.9,GA (+simple cap-repair),False,,244700.68132685582,346342281.1732214,1.2714487999910489,Failed: no feasible plan
Mega_30V_100R,40.0,200215.9,SQA (+simple cap-repair),False,,245410.49028781947,347049550.0590359,0.5142519999935757,Failed: no feasible plan
Mega_30V_100R,40.0,200215.9,QI-EA (+simple cap-repair),False,,293316.9296233487,416837938.38549143,3.033599599992158,Failed: no feasible plan
